places.tsv,1919,1907,1883,1871,1868,1869,1891,1879,1901,1892,1864,1850,1849,1884,1900,1889,1895,1886,1890,1897,1888,1894,1913,1920,1896,1903,1912,1874,1873,1851,1885,1881,1870,1858,1863,1860,1915,1876,1840,1908,1880,1917,1867,1877,1862,1904,1859,1882,1853,1887,1923,1898,1909,1875,1866
albergo,6,11,9,0,6,5,10,3,39,2,2,0,1,1,5,7,0,11,11,3,4,21,22,14,0,42,56,1,1,2,23,24,10,0,3,21,24,5,6,3,0,7,7,1,7,7,44,10,2,2,3,1,5,20,2
rifugio,5,18,1,0,0,1,1,1,4,0,7,0,0,1,5,6,3,1,1,5,4,7,5,6,0,5,4,1,0,0,0,7,7,0,0,2,6,0,6,2,1,0,12,1,0,0,2,2,6,2,1,1,0,0,0
piazza,16,32,16,1,6,26,16,9,19,13,9,22,6,1,11,52,1,20,46,9,1,28,35,16,13,5,47,0,5,18,16,25,23,0,63,42,3,1,124,4,0,6,70,7,14,6,178,25,11,0,1,2,55,0,3
terrazza,4,10,4,0,0,0,4,9,37,21,1,0,0,0,0,13,0,2,6,4,0,17,3,4,0,1,6,0,1,1,0,3,0,1,0,1,17,0,2,10,0,5,20,0,0,0,2,3,2,13,0,1,0,0,5
caffè,8,1,8,0,7,18,18,26,39,18,5,16,8,3,0,3,0,5,44,22,13,12,23,18,16,23,16,4,11,5,19,62,2,0,0,11,5,5,1,1,4,8,46,4,19,8,53,24,7,1,23,17,12,3,11
ospedale,7,3,3,0,0,1,1,3,5,0,1,17,0,0,0,3,2,8,24,4,2,4,3,0,0,1,1,0,5,1,0,6,7,0,9,4,0,2,2,0,1,3,4,2,2,0,10,0,1,0,1,1,1,0,0
scuola,25,13,59,1,4,4,21,12,25,7,6,26,0,1,1,5,2,169,25,4,7,5,13,8,1,17,49,10,10,2,4,19,6,1,7,22,3,0,6,2,0,22,20,3,12,2,37,7,26,17,19,1,1,2,2
ospizio,1,0,0,0,0,0,2,0,1,0,0,2,0,0,1,0,0,0,2,6,0,8,2,3,0,0,0,0,2,0,0,0,0,0,1,0,0,0,3,0,0,1,2,0,0,0,1,3,0,0,0,0,1,0,0
stazione,12,3,6,0,5,13,25,9,26,17,0,0,0,11,0,4,0,19,17,11,17,2,20,9,0,21,31,1,0,0,13,21,3,0,0,4,18,1,3,6,3,3,3,3,2,11,0,15,0,3,10,3,1,14,0
baracca,2,1,0,0,0,1,2,0,0,0,0,0,2,0,0,0,0,2,1,1,0,6,2,1,0,7,1,0,0,1,0,2,4,0,0,0,0,0,5,0,0,0,0,0,0,1,1,1,1,0,0,0,0,0,0
sepolcro,1,0,2,0,0,5,3,1,3,2,6,1,0,0,18,5,7,3,1,4,1,1,0,3,1,0,1,1,2,2,0,8,3,7,100,22,0,0,0,0,0,1,47,11,2,0,8,1,0,1,0,0,0,0,0
castello,1,2,3,0,3,19,1,5,2,1,0,1,1,0,1,0,0,2,6,2,3,11,10,2,6,2,3,2,1,6,0,38,32,51,28,77,6,0,77,0,1,1,163,5,10,2,5,13,0,5,1,0,1,3,2
prigione,2,1,10,1,0,0,2,0,24,1,10,22,2,0,6,2,1,8,24,2,11,4,5,6,4,1,22,3,3,8,1,10,11,0,33,39,2,2,30,1,1,1,30,3,7,1,32,6,46,3,2,0,3,0,0
impresa,0,14,0,1,2,4,6,0,8,0,2,3,0,3,3,8,6,1,2,3,4,10,20,0,3,6,16,2,1,3,2,7,35,10,73,66,1,0,66,4,1,1,45,3,1,4,44,6,22,5,2,1,1,0,0
casa,149,186,142,3,179,219,119,150,560,316,80,255,91,68,55,103,32,259,349,313,152,531,390,219,132,160,418,34,68,148,158,631,109,2,258,514,106,70,480,79,63,84,520,65,148,160,708,308,171,60,261,122,72,26,42
chiesa,21,19,11,1,2,20,38,18,131,50,77,25,18,5,8,26,6,29,60,29,24,78,74,84,51,29,37,2,12,11,29,144,12,3,57,82,3,3,91,4,9,13,30,14,10,11,72,44,37,10,5,11,35,4,7
azienda,0,2,0,0,0,0,0,0,0,0,0,0,0,0,0,0,0,0,1,5,0,0,0,0,0,0,1,0,0,0,0,1,0,0,0,1,0,0,0,0,0,1,0,0,0,0,1,0,0,0,3,2,1,0,0
industria,0,1,0,0,0,2,0,0,0,0,2,2,5,0,1,0,0,0,1,1,2,2,18,3,0,3,0,0,1,7,0,4,2,1,9,8,0,2,4,3,0,1,2,1,3,0,1,0,1,0,0,0,1,1,0
farmacia,1,1,0,0,6,8,1,0,3,0,5,0,0,0,0,1,0,0,8,1,0,14,1,0,0,0,3,0,0,0,3,28,0,0,0,2,1,0,0,0,0,2,0,0,0,5,0,2,0,0,2,3,0,0,0
costruzione,0,10,0,1,1,1,9,0,4,0,3,0,0,0,1,0,1,0,5,6,2,6,2,0,3,0,2,3,0,0,0,2,0,3,0,0,1,1,1,0,0,2,2,0,1,4,8,0,1,2,7,3,0,0,0
catapecchia,0,2,0,0,0,2,0,0,1,0,0,2,1,0,0,0,0,0,1,0,0,1,3,0,3,0,0,0,0,0,0,2,0,0,0,0,0,0,0,0,0,0,0,0,0,0,1,0,0,0,0,0,0,0,0
comune,2,2,0,0,1,5,2,1,14,9,3,8,7,1,0,4,2,0,3,2,2,5,5,3,0,4,1,2,2,1,2,18,2,1,21,29,3,0,9,0,0,1,15,0,3,5,4,4,5,0,3,0,6,0,1
tempio,0,22,1,0,3,6,7,3,6,1,14,8,1,1,10,5,5,4,7,14,3,15,16,2,7,9,7,2,5,8,5,14,28,14,59,40,1,2,44,0,1,5,178,9,5,3,34,2,0,10,2,2,10,0,0
appartamento,4,20,2,0,3,5,0,4,34,2,2,15,1,5,1,13,0,7,29,2,2,4,3,2,0,5,11,0,1,1,1,57,5,1,0,24,2,0,9,7,1,4,26,7,6,0,25,8,5,1,1,1,2,1,3
basso,3,2,1,0,2,0,14,5,6,6,0,7,7,0,3,2,2,2,7,11,4,9,10,5,3,5,5,1,2,3,0,19,5,0,5,12,5,2,7,3,0,2,23,0,2,0,27,6,5,2,4,1,3,0,5
museo,0,2,1,0,0,0,2,0,3,1,4,0,0,0,3,2,2,2,0,0,0,6,6,1,0,2,0,0,0,2,13,4,1,0,2,1,0,0,0,0,0,0,3,1,0,1,0,0,0,0,6,0,2,2,0
cella,0,3,0,0,0,0,0,0,10,16,9,0,0,0,1,0,2,2,2,0,4,1,1,1,2,0,14,0,5,0,0,1,5,0,0,4,0,0,3,0,1,2,4,5,0,0,5,0,6,0,0,0,1,0,0
pensione,4,2,0,0,0,2,0,4,9,3,5,6,0,0,0,0,0,1,9,3,0,4,7,0,0,2,2,0,2,3,0,9,0,0,0,4,0,0,0,2,0,3,6,0,2,2,8,2,0,0,0,0,0,0,0
asilo,1,4,1,0,2,1,3,0,5,0,6,6,8,0,1,0,1,4,1,2,3,3,1,2,0,1,1,0,3,2,1,1,4,1,16,4,0,1,11,0,1,3,7,1,3,0,7,2,1,1,0,0,2,0,0
casamento,2,2,2,0,0,0,0,0,16,4,0,1,0,0,0,0,0,0,0,0,0,0,0,0,0,1,3,0,0,1,0,0,0,0,2,3,0,0,0,0,0,2,0,0,0,0,2,4,0,0,0,0,0,0,0
porto,0,7,0,0,1,1,2,7,4,4,5,1,4,0,5,1,0,2,8,7,11,12,22,4,3,2,10,0,1,8,2,9,26,3,8,24,3,1,12,0,0,0,26,3,0,0,8,4,8,1,6,0,1,1,0
forte,0,3,0,1,0,0,1,0,1,0,1,0,1,2,1,0,0,0,1,1,0,2,7,0,21,1,1,0,0,0,0,1,2,2,4,11,0,0,9,0,3,2,3,0,3,2,0,1,3,3,0,0,0,0,0
pegno,0,1,0,0,0,1,0,1,0,0,1,1,0,0,0,0,0,1,5,0,2,2,0,1,2,0,1,0,2,4,1,1,0,3,9,9,0,0,4,0,0,0,2,1,0,0,1,0,2,0,0,0,0,0,0
casetta,0,1,0,0,0,0,0,1,1,1,0,0,0,0,0,0,0,2,0,0,0,0,0,1,3,0,0,2,0,0,0,0,0,0,0,1,0,0,1,0,0,0,0,0,0,0,2,0,0,0,0,0,2,0,0
bugigattolo,2,5,0,0,0,0,1,0,0,0,0,3,1,1,0,0,0,0,5,0,2,1,0,2,0,0,0,0,0,0,0,1,0,0,0,1,0,0,2,0,0,3,4,0,0,0,0,0,1,0,0,0,0,0,0
salone,0,4,0,0,1,0,2,10,15,2,0,2,0,3,0,16,0,2,9,4,1,12,31,1,0,3,14,1,6,5,0,75,7,0,0,2,5,0,2,0,0,3,3,24,1,5,3,7,2,0,0,0,9,1,1
tipografia,0,1,0,0,0,0,11,0,0,5,0,0,0,0,0,0,0,0,0,0,0,0,0,0,0,0,1,0,1,0,1,5,0,0,0,0,0,0,0,0,0,0,0,0,0,0,0,2,0,0,0,0,0,0,0
palazzo,3,93,4,3,8,5,47,6,47,3,21,24,3,2,19,64,14,40,14,20,10,128,20,7,13,8,11,0,4,31,7,90,40,2,87,69,3,1,39,2,1,4,115,29,6,0,169,25,9,4,1,1,18,1,0
confessionale,0,1,0,0,0,1,1,0,4,0,15,1,1,0,0,0,0,0,2,0,0,1,3,2,0,0,0,0,1,0,0,0,6,0,3,0,0,0,0,0,0,1,0,0,0,0,4,0,0,0,0,0,3,0,0
villa,9,1,2,0,6,0,4,5,79,3,2,1,9,38,7,23,2,50,2,26,72,25,122,21,0,28,24,3,4,14,24,59,4,0,11,9,21,1,7,4,1,0,8,14,3,6,29,15,6,4,21,0,8,1,1
tenda,6,30,3,0,2,3,2,2,7,4,0,3,1,0,4,17,1,6,10,7,9,5,10,2,1,5,14,0,1,0,2,22,1,23,36,5,2,0,15,1,6,1,16,26,0,1,8,19,3,1,2,0,3,7,12
torre,3,4,2,0,0,3,0,1,9,0,0,3,1,1,23,7,3,3,3,2,2,0,6,7,0,3,1,0,6,4,1,5,5,35,34,29,0,0,5,0,0,0,59,7,2,0,3,4,5,0,0,1,20,1,4
rudere,1,1,0,0,0,0,0,0,0,0,0,0,0,0,2,0,1,0,0,0,1,0,4,0,0,2,0,0,0,0,2,0,0,0,3,1,0,0,0,0,0,0,1,0,0,0,5,0,0,0,0,0,1,0,0
abitazione,0,3,1,0,10,3,2,0,5,15,9,5,1,0,0,1,2,3,1,2,0,4,2,2,12,4,3,1,2,2,0,2,10,0,0,10,0,0,3,1,0,0,8,0,0,0,9,1,3,2,2,1,2,1,6
alloggio,1,5,0,0,15,3,1,2,8,4,3,0,0,2,0,0,0,1,5,0,0,4,2,0,2,4,2,0,0,0,1,7,3,0,0,4,0,0,6,1,0,0,5,0,4,2,19,2,5,0,1,0,2,0,0
collegio,1,1,0,0,2,7,4,6,63,1,1,0,0,3,0,2,0,3,7,24,7,45,12,7,0,3,59,0,3,5,14,14,1,0,6,3,12,0,7,0,1,1,35,0,7,0,50,3,88,0,0,0,1,3,0
industria chimico,0,1,0,0,0,0,0,0,0,0,0,0,0,0,0,0,0,0,0,0,0,0,0,0,0,0,0,0,0,0,0,0,0,0,0,0,0,0,0,0,0,0,0,0,0,0,0,0,0,0,0,0,0,0,0
reggia,0,0,4,1,0,0,1,0,1,1,4,1,0,0,5,3,3,1,2,0,0,1,3,0,2,1,0,1,1,1,1,1,1,1,4,5,0,0,35,0,0,1,0,0,0,1,1,0,0,0,0,0,0,0,0
corte,5,56,7,0,2,0,8,8,20,5,16,3,2,6,1,9,3,5,66,25,17,47,3,11,6,19,8,0,4,8,5,36,7,8,21,235,5,2,43,2,7,0,109,13,19,1,71,44,17,1,8,0,0,11,5
soffitta,0,0,1,0,10,0,0,1,49,0,4,9,2,0,0,0,0,7,6,0,3,0,1,0,0,0,2,0,1,1,0,5,0,0,0,1,0,0,3,0,0,0,2,0,2,0,2,0,1,0,1,0,1,0,0
cattedrale,0,0,1,0,0,0,1,0,1,0,2,0,0,0,0,2,0,1,3,0,0,6,5,2,2,0,0,0,0,0,0,2,3,0,5,1,0,0,1,0,0,1,1,0,0,0,1,2,1,0,0,0,5,0,0
residenza,1,2,1,0,0,0,0,0,3,2,1,0,0,0,0,1,0,0,3,0,0,0,0,2,1,0,0,0,0,0,0,2,0,0,1,0,0,0,0,0,0,0,11,0,4,0,1,0,0,3,0,0,0,0,0
banca,4,0,3,0,19,0,2,12,10,92,0,0,0,0,0,1,0,1,9,1,0,9,22,15,1,0,11,5,1,2,3,5,3,0,0,3,2,0,0,2,0,3,0,0,7,9,2,2,0,0,9,1,1,0,0
domicilio,0,0,2,0,1,0,0,0,0,0,2,1,0,0,0,1,0,1,6,0,3,0,0,0,0,0,0,1,0,0,0,0,1,0,2,1,0,2,2,0,1,0,2,1,1,2,0,2,2,1,2,0,0,0,0
basilica,1,0,2,0,0,0,4,0,0,0,1,0,0,0,2,2,1,0,0,1,0,0,4,2,0,0,0,0,0,0,0,0,0,1,2,1,0,0,0,0,0,0,0,0,0,0,4,1,0,0,0,0,0,0,0
bottega,13,0,9,0,36,25,15,7,4,9,2,24,6,3,5,0,0,26,22,9,21,17,12,29,0,0,28,1,9,12,0,15,18,0,6,16,0,1,46,0,1,1,13,2,11,6,21,12,8,4,2,0,4,0,3
libreria,0,0,2,0,0,0,0,2,0,0,0,3,0,0,1,0,0,5,1,2,1,1,1,32,0,3,4,0,0,0,0,14,0,0,1,2,0,0,6,0,0,0,2,0,0,0,6,0,2,0,0,0,0,0,0
mensa,0,0,1,0,2,4,1,1,2,0,2,3,0,0,5,8,6,0,1,1,4,2,3,5,2,4,2,2,0,1,0,4,18,5,9,21,1,0,20,0,0,0,11,0,2,0,20,3,0,0,0,0,0,0,0
trattoria,42,5,2,0,0,0,0,0,4,0,0,0,0,0,0,0,0,3,3,0,0,1,3,1,2,2,1,0,0,0,0,1,0,0,0,0,0,0,1,0,0,1,1,0,0,1,0,1,0,0,0,0,2,0,0
locanda,0,0,2,0,2,3,1,0,0,0,0,0,0,0,0,0,0,0,1,0,0,1,0,0,0,3,0,0,0,1,0,2,2,0,0,0,0,0,1,0,0,0,3,0,0,3,1,1,0,0,0,0,0,0,0
questura,0,0,1,0,0,0,0,2,4,0,0,0,0,0,0,0,0,2,3,1,0,0,3,1,0,4,14,0,1,0,0,2,0,0,0,0,0,0,0,0,0,0,1,0,0,7,0,2,0,0,0,0,0,0,1
sepolcreto,0,0,1,0,0,0,0,0,0,0,0,0,0,0,1,0,0,0,0,0,0,0,0,0,0,0,0,0,0,0,0,0,0,0,0,1,0,0,0,0,0,0,0,0,0,0,0,0,0,0,0,0,0,0,0
pronto soccorso,0,0,1,0,0,0,0,0,0,0,0,0,0,0,0,0,0,1,0,0,0,0,1,0,0,0,0,0,0,0,0,0,1,0,0,0,0,0,0,0,0,0,0,0,0,0,0,0,0,0,0,0,0,0,0
rocca,2,0,0,2,0,0,0,0,1,0,0,0,0,0,0,2,1,0,0,0,0,1,1,0,0,0,1,0,0,0,0,3,1,0,1,16,0,0,1,0,0,1,5,0,0,0,0,1,0,0,0,0,4,0,1
spelonca,0,0,0,1,0,0,0,0,2,0,1,0,0,0,0,0,0,1,0,0,0,0,0,1,0,0,0,0,0,0,0,2,2,1,1,1,0,0,0,0,0,0,0,0,0,0,0,0,0,6,0,0,0,0,0
macello,0,0,0,1,0,0,0,1,1,1,0,0,0,0,0,0,0,0,1,0,1,2,2,0,0,0,0,0,0,1,0,0,8,1,2,5,0,0,0,0,0,0,3,0,0,0,1,0,0,0,0,0,1,0,0
ottica,0,0,0,1,0,0,0,0,0,0,0,0,0,0,0,0,0,0,0,0,0,0,0,0,0,0,0,0,0,0,0,0,0,0,0,0,0,0,0,0,0,0,0,0,0,0,0,0,0,0,0,0,0,0,0
postribolo,0,0,0,2,0,0,0,0,0,0,0,0,0,0,0,0,1,0,0,0,0,0,0,0,0,0,0,0,0,0,0,1,1,0,1,1,0,0,0,0,0,0,0,0,0,0,0,0,0,0,0,0,0,0,0
cantina,1,0,1,1,0,0,1,0,4,1,2,3,2,0,0,0,0,0,2,1,3,3,4,0,4,0,6,2,5,2,0,3,2,0,1,5,0,0,1,0,0,0,4,1,0,0,5,2,1,7,1,0,2,0,0
magione,0,0,0,1,0,0,0,0,0,0,0,0,0,0,1,0,0,0,0,0,0,0,0,0,0,0,0,0,0,0,0,0,0,0,3,0,0,0,0,0,0,0,1,0,0,0,0,0,0,0,0,0,0,0,0
dimora,1,1,0,0,10,5,0,0,5,0,6,7,0,4,4,1,4,1,2,1,0,2,2,0,0,0,7,0,2,0,0,12,9,5,17,10,1,0,4,1,1,0,32,0,1,2,16,2,0,3,0,1,5,3,0
fondaco,0,0,0,0,17,2,0,0,0,0,0,8,0,0,0,0,0,0,0,0,0,0,1,0,0,0,0,0,0,0,0,1,0,0,5,3,0,0,3,0,0,0,0,0,0,0,1,0,0,0,0,0,0,0,0
parrocchia,0,0,0,0,1,2,0,1,5,0,1,5,2,0,1,0,0,0,6,2,3,1,0,19,0,0,0,0,2,1,0,15,0,0,3,10,0,1,7,0,0,0,7,4,0,0,7,0,1,0,0,0,0,0,0
foro,0,2,0,0,1,0,0,0,0,0,2,0,0,0,0,1,0,0,1,0,1,0,2,0,2,0,8,0,0,0,0,1,2,0,1,4,0,0,2,0,0,0,5,3,2,0,6,0,1,0,0,0,0,0,0
università,0,0,0,0,1,0,0,2,4,1,1,0,0,0,0,0,0,1,0,4,1,2,4,1,0,0,4,0,3,3,0,6,1,0,0,5,0,0,2,0,0,0,7,3,5,0,19,2,34,0,2,1,5,0,0
mulino,1,0,0,0,1,0,0,0,2,0,0,0,0,0,0,0,0,1,0,0,0,2,0,0,0,0,1,0,0,1,0,4,0,0,0,0,0,0,0,0,2,0,5,1,0,1,4,0,1,0,0,0,0,0,0
fiera,0,3,1,0,2,1,0,5,2,0,0,1,0,0,1,10,3,1,3,3,1,3,8,2,0,2,1,1,0,2,1,3,6,1,16,11,0,1,9,0,1,0,12,0,3,2,6,9,0,3,0,0,1,0,0
maneggio,0,0,0,0,1,0,0,1,0,0,1,0,0,8,0,0,0,0,1,1,0,4,1,0,0,0,0,0,0,0,0,3,4,0,0,4,0,0,2,0,0,0,5,0,0,0,6,0,0,0,0,0,0,0,0
palmento,0,0,0,0,1,0,0,0,3,0,0,0,0,0,0,0,0,0,2,0,0,4,3,0,0,0,0,0,0,0,0,0,0,0,0,0,0,0,0,0,0,0,0,0,0,2,0,3,0,0,0,0,0,0,0
tappezzeria,0,1,0,0,4,1,0,8,0,3,0,1,0,1,0,12,1,0,8,1,4,0,2,2,0,2,0,0,0,0,0,10,0,0,0,0,1,0,1,0,0,2,2,5,0,1,4,2,0,0,1,1,0,1,0
casotto,0,2,8,0,1,0,1,2,0,3,0,0,0,0,0,0,0,0,0,0,0,0,1,2,1,0,1,0,1,0,0,1,0,0,0,1,0,0,1,0,0,0,2,0,0,0,0,7,0,0,0,0,0,0,0
palazzina,0,1,0,0,4,1,0,7,9,0,0,0,0,0,0,0,0,5,0,0,0,0,0,0,6,0,0,1,0,0,0,9,0,0,0,0,0,0,0,0,0,0,0,0,0,0,0,0,1,1,0,0,0,0,0
casolare,0,0,0,0,4,0,5,0,1,1,0,2,10,1,0,0,0,0,0,3,2,1,2,0,0,4,0,1,0,0,0,3,0,0,1,14,0,0,8,0,0,0,1,0,0,0,0,1,1,0,0,0,2,0,0
seminario,3,0,0,0,1,0,0,0,2,0,0,3,0,0,0,0,0,0,2,1,3,0,1,7,0,6,0,0,2,0,0,7,4,0,0,0,0,0,2,0,0,0,9,0,0,0,4,1,8,0,0,0,44,0,1
stamperia,0,0,0,0,1,0,1,0,0,0,0,0,0,0,0,0,0,0,2,0,0,0,0,0,0,0,0,0,0,1,0,0,0,0,0,0,0,0,1,0,0,0,1,0,0,0,0,4,0,0,0,0,0,0,0
santuario,0,0,0,0,1,2,1,2,4,6,4,1,0,2,2,1,0,3,2,6,0,0,6,0,4,0,0,1,0,4,0,0,8,0,9,1,0,0,1,0,0,0,1,0,0,0,2,0,2,0,0,0,0,0,0
villetta,1,0,0,0,5,0,0,0,4,0,0,0,0,0,0,5,1,4,0,10,1,3,2,0,0,0,0,1,0,0,0,1,0,0,0,0,5,0,0,0,0,1,0,0,0,0,3,1,0,0,1,0,0,0,0
casino,1,0,0,0,1,0,0,0,21,4,0,0,0,0,0,0,0,0,5,0,1,13,1,1,0,0,2,0,1,2,4,1,2,0,0,0,0,0,1,0,0,0,1,14,0,1,6,9,7,0,0,0,0,0,2
cortile,0,29,4,0,8,9,10,1,20,2,1,15,1,1,4,1,6,17,10,9,8,28,59,10,60,5,7,0,5,1,1,92,8,1,7,4,5,0,25,0,5,5,32,1,5,0,37,5,8,1,2,2,5,0,0
ricetto,0,0,0,0,2,0,0,0,0,0,0,1,0,0,0,0,0,0,0,0,0,0,0,0,0,1,0,0,0,0,0,0,0,0,0,1,0,0,0,0,0,0,1,0,0,1,0,0,0,0,0,0,0,0,0
casone,0,0,0,0,1,0,0,0,0,1,0,0,0,1,0,0,0,0,0,0,0,0,0,1,0,0,0,0,0,0,0,0,0,0,0,0,0,0,0,0,0,0,0,0,0,0,0,0,0,0,0,0,0,0,0
casa di signore,0,0,0,0,4,0,0,0,0,1,2,5,0,0,0,0,0,1,0,3,0,0,1,0,0,0,2,0,0,0,0,5,1,0,0,3,0,0,3,0,4,0,0,0,0,0,2,1,1,1,1,0,2,0,0
campanile,3,0,1,0,0,6,3,5,7,9,6,4,5,2,12,6,0,0,11,4,2,2,4,6,0,2,0,1,1,3,3,13,0,0,30,11,0,0,6,0,1,0,14,1,3,0,3,4,0,0,1,0,1,1,0
canonica,0,0,0,0,0,7,0,0,0,0,0,6,0,0,0,0,0,0,1,1,6,0,0,0,0,0,0,0,0,0,0,15,0,0,0,1,0,0,0,0,0,1,8,0,0,0,1,4,2,0,0,0,0,0,0
cappella,0,0,0,0,0,3,30,1,14,4,18,2,1,1,1,9,3,11,4,4,2,15,3,5,0,4,3,0,0,1,2,20,0,2,31,25,1,0,11,3,0,0,7,0,0,0,4,0,1,0,0,0,22,0,0
altare,2,1,0,0,0,3,8,3,13,10,12,6,1,1,3,2,6,2,9,12,9,13,10,24,7,2,3,0,2,1,3,20,5,4,32,16,0,0,11,0,1,3,22,6,0,0,12,5,3,1,2,2,12,0,0
granaio,0,0,0,0,0,1,0,3,0,1,0,0,0,0,0,0,0,0,0,1,0,0,0,0,0,0,0,0,0,0,1,6,0,0,0,0,0,0,2,0,0,0,20,1,0,0,0,0,0,0,0,0,0,0,0
cascina,0,0,0,0,0,1,0,3,0,0,0,2,2,7,0,0,0,0,5,2,0,0,0,0,0,0,0,0,0,0,0,2,0,0,0,0,0,0,2,0,0,2,7,0,0,0,0,0,0,0,0,0,0,0,0
tugurio,0,0,0,0,0,1,1,1,0,0,2,2,6,0,2,0,0,1,0,1,0,0,1,0,0,0,0,0,1,2,0,1,0,1,0,5,0,0,0,0,1,0,0,0,0,0,1,0,1,0,0,0,0,0,0
stabilimento,2,1,0,0,0,1,2,0,9,0,7,0,0,0,0,0,0,0,11,15,3,0,5,0,0,2,3,0,0,0,0,7,7,0,0,2,2,0,0,0,0,1,10,6,0,0,2,1,3,0,1,1,1,0,1
osteria,0,0,12,0,0,3,17,1,1,12,0,17,2,0,3,2,1,3,14,11,6,1,7,3,2,0,8,0,0,1,2,18,13,0,0,39,0,0,35,0,1,2,28,2,8,0,45,1,3,0,0,1,0,0,0
birreria,0,0,0,0,0,2,1,0,0,0,0,0,0,0,0,0,0,0,0,0,0,0,0,0,0,0,0,0,0,0,0,0,0,0,0,0,0,0,0,0,0,0,0,0,0,0,0,0,0,0,0,1,0,0,0
barbetta,0,0,0,0,0,1,0,0,2,1,0,0,0,0,0,0,0,0,1,1,0,0,0,0,1,0,0,0,0,0,0,0,0,0,0,0,0,0,0,0,0,0,0,0,0,0,0,0,0,0,0,0,1,0,0
chiostro,0,0,0,0,0,1,0,0,1,0,53,0,1,0,5,1,1,0,0,0,0,6,1,1,0,0,9,0,1,1,0,1,3,0,8,4,0,0,16,0,0,0,3,0,0,0,5,0,4,0,0,0,2,0,0
sede,0,0,1,0,0,2,1,0,3,0,9,0,0,0,4,5,0,0,3,0,0,1,4,1,3,1,0,0,2,1,0,2,5,1,4,5,0,0,1,0,0,0,2,0,2,1,16,1,0,4,0,0,3,0,0
casa parrocchiale,0,0,0,0,0,2,0,0,0,0,0,0,0,0,0,0,0,0,0,0,0,0,0,1,0,0,0,0,0,0,0,0,0,0,0,0,0,0,3,0,0,0,0,0,0,0,0,0,0,0,0,0,0,0,0
casa comunale,0,0,0,0,0,5,0,0,0,0,0,0,0,0,0,0,0,0,0,0,0,0,0,0,0,0,0,0,0,0,0,2,0,0,0,0,0,0,0,0,0,0,0,0,0,0,0,0,0,0,0,0,0,0,0
sagrestia,0,0,0,0,0,0,2,0,6,9,4,5,0,0,0,0,0,2,1,0,2,5,2,8,0,1,0,0,0,1,0,5,0,0,2,4,0,0,1,0,0,0,0,0,0,0,5,0,2,0,0,0,0,0,0
deposito,0,0,0,0,0,0,2,4,1,3,5,4,0,0,0,0,0,2,5,2,0,3,3,0,0,0,3,0,0,0,0,4,3,0,1,0,0,0,7,0,0,0,1,1,0,1,9,0,0,2,5,0,1,1,0
portico,1,0,1,0,0,0,6,0,7,0,2,7,2,4,7,14,3,2,11,4,2,9,3,1,0,0,0,0,0,0,8,1,0,1,1,4,0,0,13,2,7,4,23,13,3,1,25,8,5,0,2,0,10,0,0
convento,9,0,0,0,0,2,5,1,23,42,57,4,1,15,5,0,0,1,20,15,1,97,7,4,0,3,28,0,2,4,0,35,24,0,11,28,4,3,70,8,0,1,45,9,3,0,78,3,13,0,0,0,2,0,0
tribunale,0,0,1,0,0,0,2,2,3,5,3,5,1,0,0,0,0,1,7,2,7,11,6,1,0,0,8,1,0,2,1,4,0,0,8,11,0,0,46,1,0,1,9,5,3,0,60,7,14,0,0,0,2,0,1
conservatorio,0,0,0,0,0,0,1,0,0,0,32,0,0,0,0,3,0,0,0,0,0,1,1,0,0,7,0,0,0,0,0,0,0,0,0,0,0,0,2,4,0,0,0,0,0,0,2,0,0,0,1,0,0,0,0
manicomio,1,0,0,0,0,0,2,0,6,0,1,0,0,0,0,1,0,1,0,0,0,0,0,0,0,0,2,0,0,0,0,1,1,0,0,0,1,0,0,0,0,1,0,0,1,0,7,0,1,0,1,0,0,0,0
padiglione,0,14,0,0,0,1,3,0,12,1,0,6,0,0,0,0,1,4,2,3,1,1,4,1,0,1,0,1,0,0,1,1,2,2,3,3,0,0,11,0,2,3,1,3,0,0,1,0,0,0,0,0,3,0,0
ciborio,0,0,0,0,0,0,1,0,0,1,0,0,0,0,0,2,0,0,0,0,0,0,0,0,0,0,0,0,0,0,0,0,0,0,0,0,0,0,0,0,0,0,0,0,0,0,0,0,0,0,0,0,0,0,0
sagrato,0,0,0,0,0,0,1,0,0,0,0,0,2,0,2,1,0,0,0,1,0,0,0,0,1,0,0,0,0,0,0,15,0,0,0,0,0,0,0,0,0,1,0,0,0,0,0,1,0,0,0,0,0,0,0
fornace,0,0,0,0,0,0,1,0,2,2,0,0,0,0,8,0,2,1,2,20,1,0,1,0,0,0,0,0,1,0,1,0,0,0,2,1,0,0,0,0,0,0,2,0,0,0,0,0,0,0,0,0,2,0,0
casupola,0,0,1,0,0,0,2,0,5,0,0,0,0,0,0,0,0,2,1,2,0,2,5,2,0,1,1,0,0,0,3,14,1,0,0,1,0,0,1,0,0,4,2,0,0,0,3,1,0,0,0,0,2,0,0
arena,0,0,1,0,0,0,1,1,0,0,0,0,0,0,0,1,1,0,0,0,1,6,1,0,0,1,0,0,1,1,2,1,2,4,11,11,0,0,1,0,0,0,14,0,1,0,3,0,0,0,0,0,0,0,0
palafitta,0,0,0,0,0,0,1,0,0,0,0,0,0,0,0,0,0,0,0,0,0,0,0,0,0,0,4,0,0,0,0,1,0,0,0,0,0,0,0,0,0,0,0,0,0,0,0,0,0,0,0,0,0,0,0
ristorante,0,0,1,0,0,0,0,0,1,0,0,0,0,0,0,0,0,0,0,1,0,0,1,0,0,1,0,0,1,0,0,0,0,0,0,0,1,0,0,0,0,0,0,0,0,0,0,0,0,0,0,0,0,0,0
stalla,10,1,7,0,0,1,0,1,5,0,0,1,5,0,0,0,0,1,6,6,15,16,6,1,1,1,4,0,2,3,1,15,1,0,2,12,0,1,3,0,0,3,7,1,0,0,8,0,1,0,0,0,0,0,0
fossato,0,0,1,0,0,1,0,0,0,0,0,0,2,1,0,0,0,0,0,1,0,0,0,0,2,4,0,0,0,1,0,0,0,3,0,1,0,0,4,0,0,0,6,0,1,0,1,0,0,2,0,0,0,0,0
immobile,0,2,1,0,0,2,0,1,2,0,0,0,0,0,1,1,1,1,0,1,1,0,3,2,3,3,2,0,0,0,2,8,0,3,0,2,0,0,2,1,0,0,1,0,0,1,2,0,0,1,1,0,1,2,0
ospedale militare,1,0,1,0,0,0,0,1,0,0,0,0,0,0,0,0,0,0,1,0,0,1,0,0,0,0,0,0,0,0,0,0,0,0,0,0,0,0,0,0,0,0,0,0,0,0,2,0,0,0,0,0,0,0,0
municipio,1,0,0,0,0,0,3,7,36,5,0,0,0,0,0,0,0,9,3,0,1,29,6,1,2,1,7,0,0,0,0,2,0,0,1,3,0,0,12,0,0,0,0,1,0,6,0,4,0,0,0,0,0,0,0
stamberga,0,0,0,0,0,0,0,1,0,0,0,0,0,0,0,0,0,0,0,0,0,0,1,2,0,0,1,0,0,0,1,1,0,0,0,0,0,0,0,0,0,0,0,0,0,0,0,0,0,0,0,0,0,0,0
istituto di credito,0,0,0,0,0,0,3,1,0,0,0,0,0,0,0,0,0,0,0,0,0,1,0,0,0,0,0,0,0,0,0,0,0,0,0,0,0,0,0,0,0,0,0,0,0,0,0,0,0,0,0,0,0,0,0
magazzino,0,0,0,0,0,0,0,1,22,0,0,1,0,0,0,1,0,0,3,2,0,2,5,0,0,0,5,0,1,0,0,3,1,0,1,4,0,0,5,0,0,1,3,0,0,1,5,4,0,0,6,3,0,0,0
monastero,0,1,0,0,0,0,0,0,24,0,89,1,1,0,2,1,8,0,0,1,2,25,4,0,0,0,20,0,4,1,0,0,0,1,5,2,0,0,49,0,0,0,12,0,0,0,95,1,0,0,0,0,0,0,0
orfanotrofio,0,0,0,0,0,0,0,0,1,0,0,0,0,0,0,0,0,0,2,0,0,0,0,0,0,0,0,0,0,0,0,1,1,0,0,0,0,0,0,0,0,0,0,0,0,0,0,0,0,0,0,0,0,0,0
legnaia,0,0,0,0,0,0,0,0,1,0,0,0,0,0,0,0,0,0,1,0,4,0,0,1,0,0,0,0,0,0,0,0,0,0,0,0,0,0,0,0,0,0,0,0,0,0,0,0,0,0,0,0,0,0,0
tabernacolo,2,0,0,0,0,3,0,0,1,1,0,1,0,0,1,0,1,0,4,0,1,0,1,1,0,0,0,0,0,1,0,4,2,0,2,1,0,0,3,0,0,0,2,0,0,0,0,2,0,0,0,0,2,0,0
zecca,0,0,1,0,0,0,0,0,1,0,0,0,0,0,0,0,0,0,0,1,1,0,0,0,0,0,0,0,3,4,0,1,0,0,2,7,0,0,0,0,0,0,1,0,0,0,2,1,0,0,0,0,0,0,0
frantoio,0,0,0,0,0,0,0,0,1,0,0,0,0,0,0,0,0,0,0,0,0,0,0,0,0,0,0,0,0,0,0,0,0,0,0,0,0,0,0,0,0,1,0,0,0,0,0,0,0,0,0,0,0,0,0
fabbricato,1,1,0,0,0,0,0,0,2,2,3,1,0,2,0,0,1,0,2,0,1,0,0,0,2,3,1,0,0,0,0,1,0,0,1,3,0,0,0,0,0,0,2,0,2,0,0,1,0,2,3,0,0,1,0
stabile,0,0,0,0,0,0,1,0,1,0,1,0,0,0,0,0,0,0,0,0,0,1,0,0,0,0,0,0,0,0,0,0,0,0,0,0,0,0,0,0,0,0,0,0,0,0,0,0,0,0,0,0,0,0,0
refettorio,0,0,0,0,0,0,0,0,9,2,8,3,0,0,0,0,0,1,0,0,0,9,0,1,0,0,3,0,0,0,0,0,0,0,1,1,1,0,0,0,0,0,0,0,1,0,5,0,8,0,0,0,6,0,0
romitorio,0,0,0,0,0,0,0,0,0,1,0,0,0,0,0,0,0,0,0,0,0,0,0,0,0,0,0,0,0,0,0,0,0,0,0,0,0,0,0,0,0,0,0,0,0,0,0,0,0,0,0,0,0,0,0
camposanto,0,0,0,0,0,0,0,0,5,16,0,0,2,0,0,0,0,2,3,7,2,2,5,0,0,0,3,1,4,1,0,3,1,0,4,9,0,0,1,0,0,1,1,0,0,1,0,1,0,0,0,0,0,0,0
casa di dio,0,0,0,0,0,0,0,0,0,2,0,0,0,0,0,0,0,0,0,0,0,0,0,0,0,0,0,0,0,1,0,0,0,0,0,1,0,0,0,0,0,0,0,0,0,0,0,0,0,0,0,0,0,0,1
casa rurale,0,0,0,0,0,0,0,0,0,1,0,0,0,0,0,0,0,0,0,0,0,0,0,0,0,0,0,0,0,0,0,0,0,0,0,0,0,0,0,0,0,0,0,0,0,0,0,0,0,0,0,0,0,0,0
casa rustico,0,0,0,0,0,0,0,0,0,1,0,0,0,0,0,0,0,0,0,0,0,0,0,1,0,1,0,0,0,0,0,0,1,0,0,0,0,0,0,0,0,0,0,0,0,0,0,0,0,0,0,0,0,0,0
archivio,0,0,0,0,0,0,2,0,2,0,1,0,0,0,0,0,0,0,2,0,0,2,1,1,0,0,0,0,1,2,0,1,0,0,4,0,0,0,3,0,0,0,6,0,0,1,13,0,0,0,0,0,9,0,0
ottico,0,0,0,0,0,0,0,0,0,0,1,0,0,0,0,0,0,0,0,0,0,0,0,0,0,0,0,0,0,0,0,0,0,0,0,0,0,0,0,0,0,0,0,0,0,0,0,0,0,0,0,0,0,1,0
abbazia,0,0,0,0,0,0,0,0,6,0,1,0,0,0,0,0,0,0,3,0,0,0,0,1,0,0,0,0,0,0,0,0,0,0,0,0,0,0,0,0,0,0,1,0,0,0,1,0,0,0,0,0,0,0,0
catacomba,0,0,0,0,0,0,0,0,0,0,2,0,0,0,0,0,0,0,1,0,0,2,0,0,0,0,1,0,0,0,0,0,13,1,0,3,0,0,0,0,0,0,1,0,0,0,0,0,0,0,0,0,0,0,0
cenobio,0,0,0,0,0,0,0,0,0,0,7,0,0,0,0,0,0,0,0,0,0,2,0,0,0,0,1,0,0,0,0,0,0,0,0,0,0,0,0,0,0,0,0,0,0,0,0,0,0,0,0,0,0,0,0
pasticceria,0,0,0,0,0,0,0,0,1,0,3,1,0,0,0,0,0,0,1,0,0,0,0,0,0,0,3,0,0,0,0,0,0,0,0,0,0,0,0,0,0,0,0,0,0,0,0,0,0,0,0,0,0,0,0
cripta,0,0,0,0,0,0,0,0,0,0,1,0,0,0,1,0,0,0,0,3,0,0,0,0,0,0,1,0,0,0,0,0,0,0,0,0,0,0,0,0,0,0,0,0,0,0,0,0,0,0,0,0,0,0,0
pollaio,1,0,7,0,0,0,0,0,0,0,2,0,0,0,0,0,0,1,3,0,0,0,0,0,1,0,0,0,0,0,0,4,1,0,0,2,0,0,1,0,4,1,2,0,0,0,0,0,0,0,0,0,0,0,0
capanna,6,7,7,0,0,2,0,1,1,0,1,1,1,0,0,0,0,18,0,0,0,0,47,9,63,0,0,1,0,0,0,5,2,2,1,12,1,0,27,0,0,2,8,1,1,0,0,0,2,56,0,0,0,0,0
commissariato,0,0,0,0,0,0,0,0,0,0,2,0,0,0,0,0,0,0,0,0,0,0,3,0,0,0,0,0,0,1,0,0,0,0,0,0,0,0,0,0,0,0,0,0,0,0,0,0,0,0,0,0,0,0,0
stadio,0,0,0,0,0,0,0,0,1,2,1,0,0,0,0,1,1,0,0,1,0,0,0,0,0,0,0,0,2,6,0,0,3,0,0,3,0,0,0,0,0,0,2,1,0,0,2,0,1,0,1,1,0,0,0
chiesa cattolico,0,0,0,0,0,0,0,0,6,0,2,0,0,0,0,0,0,0,0,0,0,0,0,0,0,0,0,0,0,0,1,0,0,0,0,2,0,0,0,0,0,0,0,0,0,0,2,0,0,0,1,0,1,0,0
casa di salute,0,0,0,0,0,0,0,0,3,0,1,0,0,0,0,0,0,0,0,0,0,0,5,0,0,0,0,0,0,0,0,1,0,0,0,0,3,0,0,0,0,0,0,0,0,2,0,0,0,0,13,0,0,0,0
ufficio postale,0,0,0,0,0,0,0,0,0,0,1,0,0,0,0,0,0,0,0,0,0,0,0,0,0,1,0,0,0,0,0,0,0,0,0,1,0,0,0,0,0,2,0,0,0,0,0,0,0,0,1,0,0,0,0
spa,0,0,0,0,0,0,0,0,1,0,0,1,0,0,0,0,0,0,0,0,0,0,0,0,0,0,0,0,0,0,0,0,0,0,0,0,0,0,0,0,0,0,0,0,0,0,0,0,0,0,0,0,0,0,0
tana,1,3,0,0,0,0,0,0,1,0,0,2,5,0,0,0,0,1,2,0,1,0,2,0,1,1,1,0,0,1,0,4,3,0,1,3,1,0,3,0,3,1,6,1,0,0,0,0,0,1,0,0,0,0,0
porticato,0,4,0,0,0,0,0,0,0,0,0,2,0,0,0,0,0,2,0,0,0,0,0,0,0,0,0,0,0,0,4,3,1,0,0,0,0,0,0,0,0,0,4,0,0,0,0,1,0,0,0,0,0,0,0
manifattura,0,0,0,0,0,0,0,0,0,0,0,1,4,0,0,0,0,0,0,0,0,1,0,0,0,0,0,0,0,0,0,1,0,0,0,1,1,0,1,0,0,0,2,0,0,0,0,0,0,0,0,0,0,0,0
casale,0,0,0,0,0,0,0,0,0,0,0,2,2,0,0,0,0,0,0,0,0,0,2,0,0,0,0,0,0,0,0,1,0,0,0,1,0,0,1,0,0,0,5,0,0,0,0,0,0,0,0,0,0,0,0
chiesuola,0,0,0,0,0,0,0,0,2,1,0,1,2,0,0,0,0,2,1,6,4,0,3,0,0,5,0,0,0,0,1,3,1,1,0,3,0,0,0,0,0,0,0,0,0,0,3,0,0,0,0,0,0,2,0
mura,0,0,0,0,0,0,0,0,0,0,0,2,0,0,0,0,0,0,0,0,0,0,0,0,0,1,0,0,0,0,1,0,3,0,8,2,0,0,3,0,0,0,2,0,0,0,0,0,0,0,0,0,0,0,0
accampamento,0,16,0,0,0,0,0,0,0,0,0,1,0,0,0,0,0,1,0,0,0,1,0,0,4,0,0,0,0,0,0,0,0,1,0,0,0,0,2,0,0,0,5,0,1,0,0,0,0,0,0,0,0,0,0
casa di popolo,0,0,0,0,0,0,0,0,0,0,0,1,0,0,0,0,0,0,0,0,1,0,0,0,0,0,0,0,0,0,0,0,0,0,0,0,0,0,0,0,0,0,0,0,0,0,0,0,0,0,0,0,0,0,0
badia,0,0,0,0,0,0,0,0,0,0,0,0,1,0,0,2,1,0,2,0,0,3,0,0,0,0,1,0,0,0,0,0,0,0,3,1,0,0,0,0,0,0,0,0,0,0,3,0,0,0,0,0,0,0,0
covile,0,0,0,0,0,0,0,0,0,0,0,0,1,0,0,0,0,0,0,0,1,0,0,0,0,0,0,0,0,0,0,0,5,0,0,1,0,0,6,0,0,0,0,0,0,0,0,0,0,0,0,0,0,0,0
masseria,0,0,0,0,0,0,0,0,0,0,0,0,2,0,0,0,0,0,0,0,0,0,0,0,0,0,0,0,0,0,0,0,0,0,0,0,0,0,0,0,0,0,1,0,0,0,0,0,0,0,0,0,0,0,0
podere,17,0,0,0,0,0,0,0,4,0,0,0,1,0,0,0,0,1,0,1,0,22,18,2,6,0,2,0,0,2,0,5,0,0,3,4,0,0,2,1,0,0,8,0,0,9,0,7,0,0,2,0,0,1,0
club,0,0,0,0,0,0,0,0,0,1,0,0,1,0,0,0,0,0,1,0,16,5,0,0,0,1,2,0,0,0,2,6,0,0,0,0,1,0,0,0,0,0,0,3,6,0,1,9,0,0,1,0,0,0,0
cittadella,0,5,0,0,0,0,0,0,0,0,0,0,1,0,2,1,1,0,0,0,0,3,1,0,0,0,0,0,1,0,0,1,0,1,22,6,0,0,1,0,0,0,7,0,0,0,0,0,0,0,0,0,0,0,0
opificio,0,0,0,0,0,0,0,0,0,0,0,0,3,0,0,0,0,1,0,0,0,0,2,0,0,1,0,0,0,0,0,3,1,0,0,1,0,0,0,0,0,10,1,0,0,0,0,0,0,0,0,0,0,0,0
filatoio,0,0,0,0,0,0,0,0,0,0,0,0,2,0,0,0,0,0,0,3,0,0,0,0,0,0,0,0,0,0,0,0,0,0,1,0,0,0,5,0,0,0,0,0,0,0,1,0,0,0,0,0,0,0,0
rustico,0,0,0,0,0,0,0,0,0,0,0,0,1,0,0,0,0,1,1,1,2,0,0,0,0,0,0,0,0,0,0,0,0,0,0,0,0,0,0,0,0,0,0,0,0,0,0,0,0,0,0,0,0,0,0
chiesa parrocchiale,0,0,0,0,0,0,0,0,0,0,0,0,1,0,0,0,0,0,0,0,0,0,0,0,0,0,0,0,0,0,0,2,0,0,0,0,0,0,0,0,0,0,0,0,0,0,0,0,2,0,0,0,0,0,0
casa di campagna,0,0,0,0,0,0,0,0,1,0,0,0,1,0,0,0,0,0,6,0,0,0,0,1,0,0,0,0,0,0,0,0,0,0,0,1,0,0,1,0,0,1,0,0,1,0,0,1,1,0,0,0,0,0,0
cottage,0,0,0,0,0,0,0,0,0,0,0,0,0,1,0,0,0,0,0,0,0,0,0,0,0,0,2,0,0,0,0,0,0,0,0,0,0,0,0,0,0,0,0,0,0,0,0,0,0,0,0,0,0,0,0
chiesa anglicano,0,0,0,0,0,0,0,0,0,0,0,0,0,1,0,0,0,0,0,0,0,0,0,0,0,0,0,0,0,0,0,0,0,0,0,0,0,0,0,0,0,0,0,0,0,0,0,0,0,0,0,0,0,0,0
palazzo di giustizia,0,0,0,0,0,0,0,0,0,0,0,0,0,1,0,0,0,0,1,0,3,0,0,0,0,0,0,0,0,0,0,0,0,0,1,0,0,0,2,0,0,0,0,0,0,0,0,0,0,0,0,0,0,0,0
circo,1,0,5,0,0,0,0,1,0,0,0,0,0,0,1,0,0,10,2,0,0,0,1,0,0,0,0,0,0,0,0,2,0,0,0,2,0,0,0,0,0,0,39,0,0,0,4,0,0,0,0,0,0,1,0
attico,0,0,0,0,0,0,0,0,0,0,0,0,0,0,1,0,0,0,0,0,0,0,0,0,0,0,0,0,0,0,0,0,0,0,0,0,0,0,0,0,0,0,0,0,0,0,3,0,0,0,0,0,0,0,0
reliquiario,0,0,0,0,0,0,0,0,1,0,0,0,0,0,3,0,0,0,0,0,0,0,0,0,0,0,0,0,0,0,0,0,0,0,0,0,0,0,0,0,0,0,0,0,0,0,0,0,0,0,0,0,3,0,0
canile,0,0,0,0,0,0,0,0,0,0,0,0,0,0,3,0,0,1,0,0,0,0,0,0,0,0,0,0,0,1,0,0,0,0,0,1,0,0,0,0,0,0,1,0,0,0,0,0,0,0,0,0,0,0,0
mausoleo,0,0,0,0,0,0,0,0,0,0,0,0,0,0,2,2,1,0,0,0,0,0,0,0,0,0,0,0,0,0,0,0,1,1,0,0,0,0,0,0,0,0,0,0,0,0,1,0,0,0,0,0,0,0,0
anfiteatro,0,0,0,0,0,0,0,1,0,1,0,0,0,0,1,1,1,0,2,1,1,2,0,0,0,3,2,0,0,0,1,1,4,1,5,2,0,1,0,0,0,0,15,0,0,0,10,0,0,0,0,0,0,0,0
casa chiondere,0,0,0,0,0,0,0,0,0,0,0,0,0,0,1,0,0,0,0,0,0,0,0,0,0,0,0,0,0,0,0,0,0,0,0,0,0,0,0,0,0,0,0,0,0,0,0,0,0,0,0,0,0,0,0
diga,0,0,0,0,0,0,0,0,6,2,0,0,0,0,0,1,0,0,0,0,0,0,1,0,0,0,1,0,0,0,0,1,0,0,0,0,0,0,0,0,0,0,0,2,0,0,1,0,0,0,1,0,0,0,0
oreficeria,0,0,0,0,0,0,0,0,0,0,0,0,0,0,0,1,0,0,0,0,0,0,0,0,0,0,0,0,0,0,0,1,0,0,0,0,0,0,0,0,0,0,0,0,0,0,1,0,0,0,0,0,0,0,0
duomo,0,0,0,0,0,0,0,0,0,0,0,0,0,0,0,1,0,0,2,2,1,0,0,0,0,0,0,0,0,1,0,2,0,0,1,7,0,0,24,0,0,0,0,0,0,0,0,0,0,0,0,0,0,0,0
campeggio,0,0,0,0,0,0,0,0,0,0,0,0,0,0,0,1,0,0,0,0,0,0,0,0,0,0,0,0,0,0,0,0,0,0,0,0,0,0,0,0,0,0,0,0,0,0,0,0,0,0,0,0,0,0,0
casa romano,0,0,0,0,0,0,0,0,0,0,0,0,0,0,0,1,0,0,0,0,0,0,0,0,0,0,0,0,0,0,0,0,0,0,0,0,0,0,0,0,0,0,0,0,0,0,0,0,0,0,0,0,0,0,0
vivaio,1,0,0,0,0,0,0,0,0,0,0,0,0,0,0,0,2,0,0,0,0,0,0,0,1,0,0,0,0,1,0,0,1,0,0,2,0,0,0,0,0,0,1,0,0,0,1,3,0,0,0,0,0,0,0
pinacoteca,0,0,0,0,0,0,0,0,0,0,0,0,0,0,0,0,0,1,0,0,0,0,0,0,0,0,0,0,0,0,0,0,0,0,0,1,0,0,0,0,0,0,0,0,0,0,1,0,0,0,0,0,0,0,0
cabina,0,0,0,0,0,0,0,0,0,0,0,0,0,0,0,0,0,1,0,3,0,0,0,2,21,1,1,0,0,0,0,0,0,0,0,1,5,0,0,0,0,0,0,0,0,0,0,2,0,9,0,0,0,0,0
ridotta,0,0,0,0,0,0,0,0,0,0,0,0,0,0,0,0,0,1,2,0,0,2,0,0,0,0,0,0,0,0,0,0,1,0,1,1,0,0,0,0,0,0,0,0,0,0,0,0,0,0,0,0,0,0,0
consolato,0,0,0,0,0,0,0,0,1,0,0,0,0,0,0,0,0,1,0,0,0,0,0,0,0,0,1,0,0,0,0,1,0,0,0,2,0,0,1,0,0,0,2,0,0,0,0,0,1,0,0,0,0,0,0
dormitorio,0,0,0,0,0,0,0,0,0,0,0,0,0,0,0,0,0,2,5,0,1,0,1,0,0,0,8,0,1,0,0,0,0,0,0,0,1,0,1,0,0,0,0,0,0,0,4,0,11,0,0,0,0,0,0
piantagione,0,11,0,0,0,0,0,0,0,0,0,0,0,0,0,0,0,1,0,0,0,0,0,0,2,0,1,0,0,0,0,1,0,0,0,1,0,0,1,0,0,0,2,0,0,0,1,0,0,12,0,0,0,0,0
casa mobile,0,0,0,0,0,0,0,0,0,0,0,0,0,0,0,0,0,1,0,0,0,0,0,0,0,0,0,0,0,0,0,0,0,0,0,0,0,0,0,0,0,0,0,0,0,0,0,0,0,0,0,0,0,0,0
asilo infantile,1,0,0,0,0,0,0,0,0,0,0,0,0,0,0,0,0,3,0,0,1,0,0,0,0,0,0,0,2,0,0,0,0,0,0,0,0,0,0,0,0,0,0,0,1,0,0,0,0,0,0,0,0,0,0
casa editore,0,0,0,0,0,0,0,0,0,0,0,0,0,0,0,0,0,1,0,0,0,0,0,0,0,0,0,0,1,0,0,0,0,0,0,0,0,0,0,0,0,0,0,0,0,0,0,0,0,0,0,0,0,0,0
cassa di risparmio,0,0,0,0,0,0,0,0,0,0,0,0,0,0,0,0,0,1,0,1,0,0,0,0,0,1,0,0,0,0,0,1,0,0,0,0,0,0,0,0,0,0,0,0,0,0,0,0,0,0,0,0,0,0,0
ditta,0,0,0,0,0,0,0,0,0,1,0,0,0,0,0,0,0,0,5,2,1,0,0,0,0,0,1,0,3,0,0,0,0,0,2,1,0,0,0,0,0,0,2,0,0,0,1,1,0,0,17,0,0,0,0
bazar,0,0,0,0,0,0,0,0,0,0,0,0,0,0,0,0,0,0,1,0,0,0,0,0,0,0,0,0,0,0,0,0,0,0,0,0,0,0,0,0,0,0,0,0,0,0,0,0,0,0,0,0,0,0,0
oratorio,0,0,0,0,0,0,0,0,0,0,0,0,0,0,0,0,0,0,1,0,0,1,0,0,0,1,0,0,0,0,0,0,1,0,2,0,0,0,0,0,0,1,0,1,0,0,1,0,3,0,0,0,0,0,0
profumeria,0,0,0,0,0,0,0,0,0,0,0,0,0,0,0,0,0,0,1,0,1,0,0,0,0,0,0,0,0,0,1,3,1,0,0,0,0,0,0,0,0,0,1,0,0,0,0,0,0,0,0,0,0,0,0
fienile,0,0,0,0,0,0,0,0,0,1,0,0,0,0,0,0,0,0,1,6,0,0,0,0,0,0,0,0,0,0,0,0,0,0,0,0,0,0,0,0,0,0,2,0,0,0,1,0,0,0,0,0,0,0,0
covo,0,12,0,0,0,0,0,0,0,0,0,0,0,0,0,0,0,0,1,1,0,1,3,2,4,1,0,0,1,0,0,2,0,0,1,2,0,0,1,0,0,0,5,0,0,0,1,0,0,10,0,0,0,0,0
corte di appello,0,0,0,0,0,0,0,0,0,0,0,0,0,0,0,0,0,0,2,0,0,1,0,0,0,0,0,0,0,0,0,0,0,0,0,0,0,0,0,0,0,0,1,2,0,0,0,1,0,0,0,0,0,0,0
giardino pubblico,0,0,0,0,0,0,0,0,0,0,0,0,0,0,0,0,0,0,3,0,0,2,0,2,0,1,0,0,0,0,0,0,0,0,0,0,1,2,0,0,0,2,0,1,1,0,2,0,0,0,16,5,2,0,0
foresteria,0,0,0,0,0,0,0,0,0,0,0,0,0,0,0,0,0,0,0,1,0,2,0,0,0,0,0,0,0,0,0,0,0,0,0,0,0,0,0,0,0,0,1,0,0,0,0,1,0,0,0,0,0,0,0
caseggiato,0,0,0,0,0,0,0,0,0,0,0,0,0,0,0,0,0,0,0,1,0,0,0,1,0,1,1,0,0,0,0,0,0,0,0,1,0,0,0,0,0,0,1,0,0,0,0,1,0,0,0,0,0,0,0
drogheria,0,0,0,0,0,0,0,1,0,0,0,0,0,0,0,0,0,0,0,1,0,0,0,0,0,0,0,0,0,0,0,0,0,0,0,0,0,0,0,0,0,0,0,1,0,0,0,0,0,0,0,0,0,0,0
fattoria,0,0,0,0,0,4,0,0,0,0,0,0,0,0,0,0,0,0,1,3,0,1,0,5,0,1,4,0,0,1,7,2,0,0,0,0,0,0,0,2,0,1,3,0,0,0,0,1,0,1,0,0,0,0,0
cappelletta,0,0,0,0,0,0,0,0,0,0,0,0,0,0,0,0,0,0,0,0,1,0,0,0,0,0,0,0,0,0,0,2,0,0,0,0,0,0,0,0,0,0,0,0,0,0,0,0,0,0,0,0,0,0,0
bicocca,0,0,0,0,0,0,0,0,0,0,0,0,0,0,0,0,0,0,0,0,0,3,0,0,0,0,0,0,0,0,0,0,0,0,0,0,0,0,1,0,0,0,0,0,0,0,0,0,0,0,0,0,0,0,0
tabaccheria,0,0,0,0,0,0,0,0,0,0,0,0,0,0,0,0,0,0,0,0,0,1,0,0,0,0,0,0,0,0,0,0,0,0,0,0,0,0,0,0,0,0,0,1,0,0,0,0,0,0,0,0,0,0,0
piazzaforte,0,0,0,0,0,0,0,0,0,0,0,0,0,0,0,0,0,0,0,0,0,1,0,0,0,0,0,0,0,0,0,0,0,0,0,0,0,0,0,0,0,0,0,0,0,0,0,0,0,0,0,0,0,0,0
affittacamere,0,0,0,0,0,0,0,0,0,0,0,0,0,0,0,0,0,0,0,0,0,1,0,0,0,0,0,0,0,0,0,0,0,0,0,0,0,0,0,0,0,0,0,0,0,0,0,0,0,0,0,0,0,0,0
clinica,0,0,0,0,0,0,0,0,0,0,0,0,0,0,0,0,0,0,0,0,0,1,0,0,0,0,0,0,0,0,0,1,0,0,0,0,0,0,0,0,0,0,0,0,0,0,0,0,0,0,0,0,0,0,0
palestra,0,0,0,0,0,0,0,0,0,0,0,0,0,0,0,0,0,0,0,0,0,9,0,0,0,0,0,0,0,0,0,0,0,0,1,2,0,0,0,0,0,0,0,0,0,0,0,0,0,0,0,0,0,0,0
palazzo ducale,0,0,0,0,0,0,0,0,0,0,0,0,0,0,0,0,0,0,0,0,0,1,0,0,0,0,0,0,0,0,0,0,0,0,0,7,0,0,0,0,0,0,0,0,0,0,1,0,0,0,0,0,0,0,0
casa di tolleranza,0,0,0,0,0,0,0,0,0,0,0,0,0,0,0,0,0,0,0,0,0,1,0,0,0,0,0,0,0,0,0,0,0,0,0,0,0,0,0,0,0,0,0,0,0,0,0,0,0,0,0,0,0,0,0
grande magazzino,0,0,0,0,0,0,0,0,1,0,0,0,0,0,0,0,0,0,0,0,0,1,0,0,0,0,0,0,0,0,0,1,0,0,0,0,0,0,0,0,0,0,0,0,0,0,1,0,0,0,0,0,0,0,0
sartoria,0,0,0,0,0,0,0,0,0,0,0,0,0,0,0,0,0,0,3,1,0,0,0,0,0,2,0,0,0,0,0,0,0,0,0,0,0,0,0,0,0,0,0,0,0,0,0,0,0,0,1,1,0,0,0
capannone,0,0,0,0,0,0,0,0,0,0,0,0,0,0,0,0,0,0,0,0,0,0,0,0,1,0,0,1,0,0,0,0,0,0,0,0,0,0,0,0,0,0,0,0,0,0,0,0,0,1,0,0,0,0,0
sacrario,0,0,0,0,0,0,0,0,0,0,0,0,0,0,0,0,0,0,0,0,0,0,2,0,0,0,0,0,1,0,0,0,0,0,0,0,0,0,0,0,0,0,2,0,0,0,0,0,0,0,0,0,1,0,0
bivacco,0,0,0,0,0,0,0,0,0,0,0,0,0,0,0,0,0,0,2,0,0,0,0,0,0,0,0,0,1,0,0,1,0,0,0,0,0,0,0,0,0,0,0,0,1,0,4,0,0,0,0,0,0,0,0
principia,0,0,0,0,0,0,0,0,0,0,0,0,0,0,0,0,0,0,0,0,0,0,0,0,0,0,0,0,0,1,0,0,0,0,0,0,0,0,1,0,0,0,1,0,0,0,0,1,0,0,0,0,0,0,0
casa signorile,0,0,0,0,0,1,1,0,0,0,0,0,0,0,0,0,0,0,0,0,0,0,0,0,0,1,0,0,0,1,0,0,0,0,0,0,0,0,0,0,0,0,1,0,0,0,2,0,0,0,0,0,0,0,0
casa da gioco,0,0,0,0,0,0,0,0,0,0,0,0,0,0,0,0,0,0,0,0,0,0,0,0,0,0,0,2,0,0,0,0,0,0,0,0,0,0,0,0,0,0,0,0,0,0,0,0,0,0,0,0,0,0,0
fortificazione,0,0,0,0,0,0,0,0,0,0,0,0,0,0,0,0,0,0,0,0,0,0,1,0,0,0,0,0,0,0,1,0,0,4,3,3,0,0,0,0,0,0,1,0,4,0,1,0,0,0,0,0,0,0,0
studio fotografico,0,0,0,0,0,0,0,0,0,0,0,0,0,0,0,0,0,0,0,0,0,0,0,0,0,0,0,0,0,0,0,1,0,0,0,0,0,0,0,0,0,0,0,0,0,0,0,0,0,0,0,0,0,0,0
secondo casa,0,0,0,0,0,0,0,0,0,0,0,0,0,0,0,0,0,0,0,0,0,0,0,0,0,0,0,0,0,0,0,1,0,0,0,0,0,0,0,0,0,0,0,0,0,0,0,0,0,0,0,0,0,0,0
abituro,0,0,0,0,0,0,0,0,1,0,0,0,0,0,0,0,0,0,0,0,0,0,0,0,0,1,0,0,0,0,0,1,3,0,0,0,0,0,2,0,0,0,0,0,0,0,0,0,0,0,0,0,0,0,0
chiesa gotico,0,0,0,0,0,0,0,0,1,0,0,0,0,0,0,0,0,0,0,0,1,0,0,0,0,0,0,0,0,0,0,0,0,0,0,0,0,0,1,0,0,0,0,0,0,0,0,0,0,0,0,0,0,0,0
muro cittadino,0,0,0,0,0,0,0,0,1,0,0,0,0,0,0,0,0,0,0,0,0,0,0,0,0,0,0,0,0,0,0,0,0,0,0,0,0,0,0,0,0,0,0,0,0,0,0,0,0,0,0,0,0,0,0
ostello,0,0,0,0,0,0,0,0,0,0,0,0,0,0,0,0,0,0,0,0,0,0,0,0,0,0,0,0,0,0,0,0,1,0,3,3,0,0,0,0,0,0,0,0,0,0,0,0,0,0,0,0,0,0,0
emporio,0,0,0,0,0,0,0,0,0,0,0,0,0,0,0,0,0,0,0,0,0,0,7,0,0,0,0,0,0,0,0,1,1,0,0,0,0,0,0,0,0,0,0,0,0,0,1,0,0,0,0,0,0,0,0
lanificio,0,0,0,0,0,0,0,0,0,0,0,0,0,0,0,0,0,0,0,0,0,0,0,0,0,0,0,0,0,0,0,0,14,0,0,0,0,0,0,0,0,1,0,0,0,0,0,0,0,0,0,0,0,0,0
santo sede,0,0,0,0,0,0,0,0,0,0,0,0,0,0,0,0,0,0,0,0,0,0,0,0,0,0,0,0,0,0,0,0,1,0,0,0,0,0,0,0,0,0,0,0,0,0,1,0,0,0,0,0,0,0,0
piscina,0,0,0,0,0,0,0,0,0,0,0,0,0,0,0,0,0,0,0,0,0,0,0,0,0,0,0,0,0,0,0,0,0,0,2,0,0,0,0,0,0,0,0,0,0,0,0,0,0,0,0,0,0,0,0
sinagoga,0,0,0,0,0,0,0,0,0,0,0,0,0,0,0,0,0,0,0,0,0,0,0,0,0,0,5,0,0,0,0,0,0,0,2,1,0,0,0,0,0,0,48,0,0,0,0,0,0,0,0,0,0,0,0
maniero,0,0,0,0,0,0,0,0,0,0,0,0,0,0,0,0,0,0,0,0,1,0,0,0,0,0,0,0,0,0,0,0,0,0,7,0,0,0,0,0,0,0,0,0,0,0,0,1,0,0,0,0,0,0,0
casa lungo,0,0,0,0,0,0,0,0,0,0,0,0,0,0,0,0,0,0,0,0,0,0,0,0,0,0,0,0,0,0,0,0,0,0,0,1,0,0,0,0,0,0,0,0,0,0,0,0,0,0,0,0,0,0,0
sanatorio,0,0,0,0,0,0,0,0,0,0,0,0,0,0,0,0,0,0,0,0,0,0,0,0,0,0,0,0,0,0,0,0,0,0,0,0,1,0,0,0,0,0,0,0,0,0,0,0,0,0,0,0,0,0,0
casa di cura,0,0,0,0,0,0,0,0,0,0,0,0,0,0,0,0,0,0,0,0,0,0,0,0,0,0,0,0,0,0,0,0,0,0,0,0,6,0,0,0,0,2,0,0,0,0,0,0,0,0,0,0,0,0,0
bar,1,0,0,0,0,0,0,0,0,0,0,0,0,0,0,0,0,0,0,0,0,0,0,1,0,1,1,0,0,0,0,0,0,0,0,0,0,0,0,0,0,0,1,0,0,0,0,0,0,0,1,0,0,0,0
galleria di arte,1,0,0,0,0,0,0,0,0,0,0,0,0,0,0,0,0,0,0,0,0,0,2,0,0,0,0,0,0,0,0,0,0,0,0,0,0,0,0,0,0,0,0,0,0,0,0,0,0,0,0,0,0,0,0
seteria,0,0,0,0,0,0,0,0,0,0,0,0,0,0,0,0,0,0,0,0,0,0,0,0,0,0,0,0,0,0,0,0,0,0,0,0,0,1,0,0,0,0,0,0,0,0,0,0,0,0,0,0,0,0,0
confetteria,0,0,0,0,0,0,0,0,1,0,0,0,0,0,0,0,0,0,0,0,0,0,0,0,0,0,0,0,0,0,0,0,0,0,0,0,0,0,0,0,0,0,0,0,0,0,0,0,0,0,0,0,0,0,0
armeria,0,0,0,0,0,0,0,0,0,0,0,0,0,0,0,0,0,0,0,0,0,0,0,0,1,0,0,0,0,0,0,0,0,0,0,0,0,0,1,0,0,0,2,0,0,0,1,0,0,0,0,0,0,0,0
topaia,0,0,0,0,0,0,0,0,0,0,0,0,0,0,0,0,0,0,0,0,0,0,0,0,0,0,0,0,0,0,0,1,0,0,0,0,0,0,1,0,0,0,0,0,0,0,0,0,0,0,0,0,0,0,0
edicola,0,0,0,0,0,0,0,0,0,0,0,0,0,0,0,0,0,0,0,0,0,0,0,0,0,1,0,0,0,0,0,0,0,0,0,0,0,0,0,0,0,0,0,0,0,0,0,0,0,0,0,0,0,0,0
tintoria,0,0,0,0,0,0,0,0,0,0,0,0,0,0,0,0,0,0,0,0,0,0,0,0,0,0,0,0,0,0,0,0,0,0,0,0,0,0,0,0,0,3,0,0,0,0,0,0,0,0,0,0,0,0,0
setificio,0,0,0,0,0,0,0,0,0,0,0,0,0,0,0,0,0,0,0,0,0,0,0,0,0,0,0,0,0,0,0,0,0,0,0,0,0,0,0,0,0,1,0,0,0,0,0,0,0,0,0,0,0,0,0
baita,0,0,0,0,0,0,0,0,0,0,0,0,0,0,0,0,0,0,0,0,0,0,0,0,0,0,0,0,0,0,0,3,0,0,0,0,0,0,0,0,0,2,0,0,0,0,0,0,0,0,0,0,0,0,0
battistero,0,0,0,0,0,0,0,0,0,0,0,0,0,0,0,0,0,0,0,0,0,0,0,0,0,0,0,0,0,0,0,0,0,0,0,0,0,0,0,0,0,2,0,0,0,0,0,0,0,0,0,0,0,0,0
chiesa protestante,0,0,0,0,0,0,0,0,0,0,0,0,0,0,0,0,0,0,0,0,0,0,0,0,0,0,0,0,0,0,0,0,0,0,0,0,0,0,0,0,0,1,0,0,0,0,0,0,0,0,0,0,0,0,0
convento di clausura,0,0,0,0,0,0,0,0,0,0,0,0,0,0,0,0,0,0,0,0,0,0,0,0,0,0,1,0,0,0,0,0,0,0,0,0,0,0,0,0,0,1,0,0,0,0,0,0,0,0,0,0,0,0,0
asilo notturno,0,0,0,0,0,0,0,0,0,0,0,0,0,0,0,0,0,0,0,0,0,0,0,0,0,0,0,0,0,0,0,0,0,0,0,0,0,0,0,0,0,1,0,0,0,0,0,0,0,0,0,0,0,0,0
riformatorio,0,0,0,0,0,0,0,0,0,0,0,0,0,0,0,0,0,0,0,0,0,0,0,0,0,0,0,0,0,0,0,0,0,0,0,0,0,0,0,0,0,0,1,0,0,0,0,0,0,0,0,0,0,0,0
casa colonica,0,0,0,0,0,0,0,0,0,0,0,0,0,0,0,0,0,0,0,0,0,0,0,0,0,0,0,0,0,0,0,1,0,0,0,0,0,0,0,0,0,0,1,0,0,0,0,0,0,0,0,0,0,0,0
sancta sanctorum,0,0,0,0,0,0,0,0,0,0,0,0,0,0,0,0,0,0,0,0,0,0,0,0,0,0,0,0,0,0,0,0,0,0,0,0,0,0,0,0,0,0,1,0,0,0,0,0,0,0,0,0,0,0,0
casa di riposo,0,0,0,0,0,0,0,0,0,0,0,0,0,0,0,0,0,0,0,0,0,0,0,0,0,0,0,0,0,0,0,0,0,0,0,0,0,0,0,0,0,0,1,0,0,0,0,0,0,0,0,0,0,0,0
casermone,0,0,0,0,0,0,0,0,0,0,0,0,0,0,0,0,0,0,0,0,0,0,1,0,0,0,0,0,0,0,0,0,0,0,0,0,0,0,0,0,0,0,0,0,0,0,0,0,0,0,0,0,0,0,0
baglio,0,0,0,0,0,0,0,0,0,0,0,0,0,0,0,0,0,0,0,0,0,0,1,0,0,0,0,0,0,0,0,0,0,0,0,0,0,0,0,0,0,0,0,0,0,0,0,0,0,0,0,0,0,0,0
pastificio,0,0,0,0,0,0,0,0,0,0,0,0,0,0,0,0,0,0,0,0,0,0,1,0,0,0,0,0,0,0,0,0,0,0,0,0,0,0,0,0,0,0,0,0,0,0,0,0,0,0,0,0,0,0,0
palazzo vescovile,0,0,0,0,0,0,0,0,0,0,0,0,0,0,0,0,0,0,0,0,0,0,2,0,0,0,0,0,0,0,0,0,0,0,0,0,0,0,0,0,0,0,0,0,0,0,0,0,0,0,0,0,1,0,0
chiesa sconsacrare,0,0,0,0,0,0,0,0,0,0,0,0,0,0,0,0,0,0,0,0,0,0,0,0,0,0,0,0,0,0,0,0,0,0,0,0,0,0,0,0,0,0,0,0,0,1,0,0,0,0,0,0,0,0,0
caffetteria,0,0,0,0,0,0,0,0,0,0,0,0,0,0,0,0,0,0,0,0,0,0,0,0,0,0,0,0,0,0,0,0,0,0,0,0,0,0,0,0,0,0,0,0,0,0,1,0,0,0,0,0,0,0,0
casa di città,0,0,0,0,0,0,0,0,0,2,0,0,0,0,0,0,0,0,0,0,0,0,1,1,1,0,0,0,0,0,0,0,0,0,0,0,0,0,0,0,0,0,0,0,0,0,1,0,0,0,0,1,0,0,0
chalet,0,0,0,0,0,0,0,0,0,0,0,0,0,0,0,0,0,0,0,0,0,0,0,0,0,1,0,0,0,0,0,0,0,0,0,0,0,0,0,0,0,0,0,0,0,0,0,0,0,0,0,0,0,0,0
convitto,0,0,0,0,0,0,0,0,0,0,0,0,0,0,0,0,0,0,0,0,0,0,0,1,0,0,0,0,0,0,0,0,0,0,0,0,0,0,4,0,0,0,0,0,0,0,0,0,2,0,1,0,0,0,0
centrale,0,0,0,0,0,0,0,0,0,0,0,0,0,0,0,0,0,0,0,0,0,0,0,0,0,0,0,0,0,0,0,0,0,0,0,0,0,0,0,0,0,0,0,0,0,0,0,0,1,0,0,0,0,0,0
pagoda,0,105,0,0,0,0,0,0,0,0,0,0,0,0,0,0,0,0,0,0,0,0,0,0,44,0,0,0,0,0,0,0,0,0,0,0,0,0,0,0,0,0,0,0,0,0,0,0,0,64,0,0,0,0,0
cotonificio,0,1,0,0,0,0,0,0,0,0,0,0,0,0,0,0,0,0,0,0,0,0,0,0,0,0,0,0,0,0,0,0,0,0,0,0,0,0,0,0,0,0,0,0,0,0,0,0,0,0,0,0,0,0,0
monastero buddista,0,1,0,0,0,0,0,0,0,0,0,0,0,0,0,0,0,0,0,0,0,0,0,0,0,0,0,0,0,0,0,0,0,0,0,0,0,0,0,0,0,0,0,0,0,0,0,0,0,0,0,0,0,0,0
lavanderia,0,0,0,0,0,0,0,0,0,0,0,0,0,0,0,0,0,0,0,0,0,0,0,0,0,0,0,0,0,0,0,0,0,0,0,0,0,0,0,0,0,0,0,0,0,0,0,0,0,0,7,0,0,0,0
azienda commerciale,0,0,0,0,0,0,0,0,0,0,0,0,0,0,0,0,0,0,0,0,0,0,0,0,0,0,0,0,0,0,0,0,0,0,0,0,0,0,0,0,0,0,0,0,0,0,0,0,0,0,0,1,0,0,0
macelleria,0,0,0,0,0,0,0,0,0,0,0,0,0,0,0,0,0,0,0,0,0,0,0,0,0,0,0,0,0,0,0,0,0,0,0,0,0,0,0,0,0,0,0,0,0,0,0,0,0,0,0,0,1,0,0
metropolitana,0,0,0,0,0,0,0,0,0,0,0,0,0,0,0,0,0,0,0,0,0,0,0,0,0,0,0,0,0,0,0,0,0,0,0,1,0,0,0,0,0,0,0,0,0,0,0,0,0,0,0,0,0,0,0
legatoria,0,0,0,0,0,0,0,0,0,0,0,0,0,0,0,0,0,0,0,0,0,0,0,3,0,0,0,0,0,0,0,0,0,0,0,0,0,0,0,0,0,0,0,0,0,0,0,0,0,0,0,0,0,0,0
casa di correzione,0,0,0,0,0,0,0,0,0,0,0,0,0,0,0,0,0,0,0,0,0,0,0,0,0,0,3,0,0,0,0,0,0,0,0,0,0,0,0,0,0,0,0,0,0,0,0,0,0,0,0,0,0,0,0
correzionale,0,0,0,0,0,0,0,0,0,0,0,0,0,0,0,0,0,0,0,0,0,0,0,0,0,0,0,0,0,0,0,0,0,0,0,0,0,0,0,0,0,0,0,0,0,0,0,1,0,0,0,0,0,0,0
distilleria,0,0,0,0,0,0,0,0,0,0,0,0,0,0,0,0,0,0,0,0,0,0,1,0,0,0,0,0,0,0,0,0,0,0,0,0,0,0,0,0,0,0,0,0,0,0,0,0,0,0,0,0,0,0,0
